Dataset,Seed,Parameter Generation Time,Train set transformation time,Training time,Inference time,Accuracy,Weighted F1
ArticularyWordRecognition,0,0.0452893823385238,1.3102991413325071,0.2693891394883394,1.5386623553931713,0.9933333333333332,0.9933217391304348
ArticularyWordRecognition,1,0.0445271171629428,1.3290124740451574,0.1866462435573339,1.5523352324962616,0.9933333333333332,0.9933217391304348
ArticularyWordRecognition,2,0.0453730672597885,1.3221039548516271,0.1926925685256719,1.539838220924139,0.9933333333333332,0.9933217391304348
ArticularyWordRecognition,3,0.044442193582654,1.3199494015425444,0.2379988264292478,1.5495068803429604,0.9933333333333332,0.9933217391304348
ArticularyWordRecognition,4,0.0568936374038457,1.4411453530192375,0.2678164765238762,1.5752632729709148,0.9933333333333332,0.9933217391304348
ArticularyWordRecognition,5,0.0230711083859205,0.9401536397635936,0.2246286086738109,1.0223900321871042,0.9933333333333332,0.9933217391304348
ArticularyWordRecognition,6,0.0229331888258457,0.9125946611166,0.2403013259172439,1.023571491241455,0.9933333333333332,0.9933217391304348
ArticularyWordRecognition,7,0.0422937590628862,0.9078163914382458,0.2260104957967996,1.0019087605178356,0.9933333333333332,0.9933217391304348
ArticularyWordRecognition,8,0.0228293575346469,0.8704335559159517,0.2341539040207862,0.999864036217332,0.9933333333333332,0.9933217391304348
ArticularyWordRecognition,9,0.0232657026499509,0.8896722793579102,0.234971784055233,1.0420136488974094,0.9933333333333332,0.9933217391304348
ArticularyWordRecognition,10,0.0229200478643178,0.8852708265185356,0.2316218242049217,1.005872828885913,0.9933333333333332,0.9933217391304348
ArticularyWordRecognition,11,0.0233697891235351,0.883633540943265,0.2260165400803089,0.9839506037533284,0.9933333333333332,0.9933217391304348
ArticularyWordRecognition,12,0.02350664883852,0.8892682585865259,0.2385079599916935,1.0328258760273457,0.9933333333333332,0.9933217391304348
ArticularyWordRecognition,13,0.0234680920839309,0.9025078248232604,0.224457798525691,1.014601729810238,0.9933333333333332,0.9933217391304348
ArticularyWordRecognition,14,0.0233523063361644,0.8796436209231615,0.2524207942187786,0.9828029926866292,0.9933333333333332,0.9933217391304348
ArticularyWordRecognition,15,0.0232440829277038,0.8810056056827307,0.2373949959874153,0.9952806681394576,0.9933333333333332,0.9933217391304348
ArticularyWordRecognition,16,0.0231361053884029,0.9001012519001961,0.2502366509288549,1.0068466439843178,0.9933333333333332,0.9933217391304348
ArticularyWordRecognition,17,0.022853098809719,0.8835074920207262,0.2332353591918945,0.97528656385839,0.9933333333333332,0.9933217391304348
ArticularyWordRecognition,18,0.0230237208306789,0.8803812637925148,0.2313298378139734,1.0000023543834686,0.9933333333333332,0.9933217391304348
ArticularyWordRecognition,19,0.0229775533080101,0.8779443372040987,0.2242391966283321,0.9881186541169882,0.9933333333333332,0.9933217391304348
AtrialFibrillation,0,0.032253298908472,0.244213618338108,0.007345899939537,0.3404521439224481,0.1333333333333333,0.0833333333333333
AtrialFibrillation,1,0.0220161247998476,0.2378796488046646,0.0221671350300312,0.3024983610957861,0.1333333333333333,0.0833333333333333
AtrialFibrillation,2,0.0184996668249368,0.2439607679843902,0.0239328909665346,0.2993812877684831,0.1333333333333333,0.0833333333333333
AtrialFibrillation,3,0.0186438299715518,0.2793314848095178,0.0090719703584909,0.3163773752748966,0.1333333333333333,0.0833333333333333
AtrialFibrillation,4,0.0160488225519657,0.2634229008108377,0.0343530513346195,0.3004270922392607,0.1333333333333333,0.0833333333333333
AtrialFibrillation,5,0.0119503643363714,0.2455190643668174,0.0192054808139801,0.2679147683084011,0.0666666666666666,0.0444444444444444
AtrialFibrillation,6,0.0136719588190317,0.2995151691138744,0.0237066503614187,0.3815738055855036,0.0666666666666666,0.0444444444444444
AtrialFibrillation,7,0.0165789537131786,0.3041267432272434,0.0275569781661033,0.4448012243956327,0.1333333333333333,0.0833333333333333
AtrialFibrillation,8,0.0193218607455492,0.3533453904092312,0.0324374660849571,0.3890820629894733,0.1333333333333333,0.0833333333333333
AtrialFibrillation,9,0.0166274346411228,0.3295344691723585,0.0289149601012468,0.4031249601393938,0.0666666666666666,0.0444444444444444
AtrialFibrillation,10,0.011951770633459,0.2015139367431402,0.0152475293725728,0.2482544872909784,0.0666666666666666,0.0444444444444444
AtrialFibrillation,11,0.0090752597898244,0.2244727034121751,0.0279950778931379,0.3580549154430628,0.0666666666666666,0.0444444444444444
AtrialFibrillation,12,0.0098606012761592,0.3644050657749176,0.0257735960185527,0.3798678740859031,0.1333333333333333,0.0833333333333333
AtrialFibrillation,13,0.0115964766591787,0.333496056497097,0.0261807385832071,0.3834912683814764,0.1333333333333333,0.0833333333333333
AtrialFibrillation,14,0.0165553092956542,0.3226373139768839,0.0397379361093044,0.3842549491673708,0.1333333333333333,0.0833333333333333
AtrialFibrillation,15,0.0126735921949148,0.3312608357518911,0.0328949838876724,0.3934986125677824,0.0666666666666666,0.0444444444444444
AtrialFibrillation,16,0.0245642382651567,0.3371724151074886,0.030455719679594,0.3846917171031236,0.1333333333333333,0.0833333333333333
AtrialFibrillation,17,0.0163482595235109,0.3455938789993524,0.0350166391581296,0.3947172556072473,0.0666666666666666,0.0444444444444444
AtrialFibrillation,18,0.0166151076555252,0.3455921057611704,0.0376574266701936,0.4320372920483351,0.1333333333333333,0.0833333333333333
AtrialFibrillation,19,0.0165983885526657,0.3496466446667909,0.0353180933743715,0.4305992983281612,0.1333333333333333,0.0833333333333333
BasicMotions,0,0.0327825173735618,0.2079180926084518,0.0431450642645359,0.2198607977479696,1.0,1.0
BasicMotions,1,0.0397789012640714,0.1663870941847562,0.02841567248106,0.2092946674674749,1.0,1.0
BasicMotions,2,0.0412619356065988,0.1690343264490366,0.0228733606636524,0.2190883439034223,1.0,1.0
BasicMotions,3,0.0383148565888404,0.2031064722687006,0.0286416225135326,0.2296892404556274,1.0,1.0
BasicMotions,4,0.0379781275987625,0.188450152054429,0.0451436080038547,0.2288784869015216,1.0,1.0
BasicMotions,5,0.0263560898602008,0.2026819847524166,0.0379655659198761,0.2599100600928068,1.0,1.0
BasicMotions,6,0.0301219187676906,0.2013453934341669,0.0561180673539638,0.2283743917942047,1.0,1.0
BasicMotions,7,0.0228422731161117,0.1987081039696931,0.0728444550186395,0.2409354820847511,1.0,1.0
BasicMotions,8,0.0161808282136917,0.1706508491188287,0.0245641339570283,0.2035452015697956,1.0,1.0
BasicMotions,9,0.0177430249750614,0.1618735752999782,0.0323940366506576,0.1984786260873079,1.0,1.0
BasicMotions,10,0.0309628397226333,0.1773431040346622,0.0370178911834955,0.2288275063037872,1.0,1.0
BasicMotions,11,0.0237652603536844,0.2155060898512601,0.0390514191240072,0.2341948747634887,1.0,1.0
BasicMotions,12,0.0268792677670717,0.2151212505996227,0.0619544144719839,0.2231380417943,1.0,1.0
BasicMotions,13,0.0208606049418449,0.1881452407687902,0.0393659975379705,0.215933071449399,1.0,1.0
BasicMotions,14,0.026367999613285,0.1666955593973398,0.0416076928377151,0.2112517654895782,1.0,1.0
BasicMotions,15,0.016335716471076,0.1516019850969314,0.0341871846467256,0.1859498750418424,1.0,1.0
BasicMotions,16,0.0187107864767313,0.1531140636652708,0.0912485588341951,0.1752275787293911,1.0,1.0
BasicMotions,17,0.014283400028944,0.1321068238466978,0.0394262745976448,0.1631130147725343,1.0,1.0
BasicMotions,18,0.0147758945822715,0.1305646542459726,0.0470534563064575,0.1572938580065965,1.0,1.0
BasicMotions,19,0.0145422648638486,0.1310401447117328,0.0788865480571985,0.1652183812111616,1.0,1.0
CharacterTrajectories,0,0.021680699661374,5.063055217266083,1.4366726465523243,4.999179631471634,0.9944289693593314,0.9944415988636818
CharacterTrajectories,1,0.0288215056061744,4.93943895585835,1.455329755321145,5.090529665350914,0.993732590529248,0.9937346626105152
CharacterTrajectories,2,0.0299881473183631,4.943302132189274,1.5138731263577938,5.1583037953823805,0.993732590529248,0.9937419353885332
CharacterTrajectories,3,0.0284750405699014,4.955510215833783,1.5602439232170582,5.060709463432431,0.993732590529248,0.9937490348417464
CharacterTrajectories,4,0.0294647086411714,4.871850855648518,1.3739898446947336,5.016959685832262,0.9930362116991645,0.9930553777405352
CharacterTrajectories,5,0.0155121460556983,3.247221827507019,1.159348065033555,3.438078463077545,0.9930362116991645,0.9930534102747136
CharacterTrajectories,6,0.013938769698143,3.1401128880679607,1.0945693645626309,3.427803495898843,0.9944289693593314,0.9944569029935708
CharacterTrajectories,7,0.0138754099607467,3.1982816234230995,1.2838173024356363,3.5251395870000124,0.9923398328690808,0.9923252373596934
CharacterTrajectories,8,0.0139194317162036,3.075358910486102,1.0913581401109695,3.3909854367375374,0.995125348189415,0.9951242453883986
CharacterTrajectories,9,0.0141285564750432,3.2410973217338324,1.1264689303934574,3.475591871887445,0.995125348189415,0.9951398777786488
CharacterTrajectories,10,0.0129714999347925,3.0810786467045546,1.0789107587188482,3.2594425566494465,0.9930362116991645,0.9930344258671756
CharacterTrajectories,11,0.0140438321977853,3.134384009987116,1.1356441583484411,3.370646210387349,0.9923398328690808,0.9923371107294215
CharacterTrajectories,12,0.014025155454874,3.2001762073487043,1.185508543625474,3.4370581693947315,0.9930362116991645,0.9930207900011092
CharacterTrajectories,13,0.014118792489171,3.1758481431752443,1.1275403071194887,3.454044448211789,0.9958217270194986,0.9958208218303504
CharacterTrajectories,14,0.0141034126281738,3.362372314557433,1.2242492102086544,3.4586395267397165,0.9923398328690808,0.992343840056435
CharacterTrajectories,15,0.0141675248742103,3.045110022649169,1.125440401956439,3.2686462942510843,0.995125348189415,0.9951181096856516
CharacterTrajectories,16,0.0140592530369758,3.100299248471856,1.1061059776693585,3.3446347303688526,0.993732590529248,0.9937521230063436
CharacterTrajectories,17,0.0139430109411478,3.0881892405450344,1.1347156558185816,3.34039288200438,0.993732590529248,0.9937242223773576
CharacterTrajectories,18,0.0150259044021368,3.2211651355028152,1.1312473062425852,3.4405574798583984,0.9923398328690808,0.9923535156125772
CharacterTrajectories,19,0.0183853171765804,3.193870399147272,1.199982075020671,3.4215232226997614,0.9923398328690808,0.9923535156125772
Cricket,0,0.0381157379597425,3.80311400257051,0.0626552514731884,2.671938054263592,1.0,1.0
Cricket,1,0.038416301831603,3.712849697098136,0.1043639704585075,2.772549528628588,1.0,1.0
Cricket,2,0.0403024964034557,4.0772241987288,0.1164852436631918,2.725423574447632,1.0,1.0
Cricket,3,0.0542073138058185,3.685430405661464,0.0815512277185916,2.658216051757336,1.0,1.0
Cricket,4,0.0470174346119165,3.728056315332651,0.135268073529005,2.6269041802734137,1.0,1.0
Cricket,5,0.0194335673004388,2.725229589268565,0.0521942917257547,2.252476731315255,1.0,1.0
Cricket,6,0.0361932497471571,3.2374796885997057,0.070220211520791,2.4498161524534225,1.0,1.0
Cricket,7,0.0225446540862321,2.9667842630296946,0.0614954531192779,2.2958751916885376,1.0,1.0
Cricket,8,0.0300626400858163,3.168178055435419,0.0630862936377525,2.361089617013932,1.0,1.0
Cricket,9,0.0341148860752582,3.126324698328972,0.0563447810709476,2.327368680387736,1.0,1.0
Cricket,10,0.0363970454782247,2.632495885714889,0.0622917171567678,2.224410092458129,1.0,1.0
Cricket,11,0.0197261795401573,3.127187730744481,0.0658403877168893,2.350643640384078,1.0,1.0
Cricket,12,0.0203332677483558,3.088863516226411,0.0622242800891399,2.525643322616816,1.0,1.0
Cricket,13,0.0229897368699312,3.208420891314745,0.0762387551367282,2.290076967328787,1.0,1.0
Cricket,14,0.0197535324841737,2.98424849845469,0.0683912802487611,2.2535661961883307,1.0,1.0
Cricket,15,0.0255408771336078,2.949353627860546,0.0660689547657966,2.363709356635809,1.0,1.0
Cricket,16,0.022421745583415,3.057469919323921,0.0739320833235979,2.4571879245340824,1.0,1.0
Cricket,17,0.0285292193293571,3.039080584421754,0.0536099467426538,2.406899442896247,1.0,1.0
Cricket,18,0.0372948478907346,3.0755338314920664,0.0646626520901918,2.3153759706765413,1.0,1.0
Cricket,19,0.0194262769073247,2.971554316580296,0.1239686403423547,2.256677919998765,1.0,1.0
DuckDuckGeese,0,0.1638043113052845,0.7034043800085783,0.030389005318284,0.6598926950246096,0.64,0.6345454545454546
DuckDuckGeese,1,0.1637916602194309,0.6180284079164267,0.0329197160899639,0.6867777891457081,0.64,0.6333333333333333
DuckDuckGeese,2,0.1642546392977237,0.6736978348344564,0.0414550136774778,0.7519990336149931,0.66,0.6555555555555556
DuckDuckGeese,3,0.1641143281012773,0.5965394470840693,0.0322742071002721,0.6339552011340857,0.66,0.6540350877192982
DuckDuckGeese,4,0.1639319490641355,0.5883445553481579,0.0329191926866769,0.6790054515004158,0.64,0.6336796536796536
DuckDuckGeese,5,0.1574006918817758,0.8237880561500788,0.0388035252690315,0.8817550465464592,0.64,0.6334161490683229
DuckDuckGeese,6,0.150544922798872,0.8009246662259102,0.0904261246323585,0.873789781704545,0.64,0.6336758893280632
DuckDuckGeese,7,0.2299000471830368,0.808491313830018,0.0379382763057947,0.8297657091170549,0.66,0.6555555555555556
DuckDuckGeese,8,0.206011950969696,0.8136470671743155,0.0491742957383394,0.8541367892175913,0.64,0.6334161490683229
DuckDuckGeese,9,0.219281917437911,0.8307213988155127,0.0478856433182954,0.819125335663557,0.64,0.6341179034542879
DuckDuckGeese,10,0.1676074601709842,0.8173006679862738,0.0495799016207456,0.9024083763360976,0.64,0.6341179034542879
DuckDuckGeese,11,0.1573380921036005,0.814302459359169,0.0383780673146247,0.8768461793661118,0.66,0.6539393939393939
DuckDuckGeese,12,0.2042398750782013,0.8095148969441652,0.0643040686845779,0.887075450271368,0.64,0.6341179034542879
DuckDuckGeese,13,0.1393165159970522,0.5731937065720558,0.0418870039284229,0.8673398811370134,0.64,0.6336796536796536
DuckDuckGeese,14,0.1963467299938202,0.8072336837649345,0.0481127630919218,0.7958488538861275,0.66,0.6540350877192982
DuckDuckGeese,15,0.2140218503773212,0.8226166032254696,0.0421216543763875,0.7926086317747831,0.68,0.6728192021555867
DuckDuckGeese,16,0.2036665119230747,0.8303388860076666,0.0857414565980434,0.8286814466118813,0.66,0.6537715831079676
DuckDuckGeese,17,0.138872243463993,0.8021353054791689,0.0461264476180076,0.7378496713936329,0.68,0.6735930735930737
DuckDuckGeese,18,0.2030194588005542,0.8281044196337461,0.0379193685948848,0.8366366792470217,0.64,0.6355144778943405
DuckDuckGeese,19,0.163069374859333,0.8092420063912868,0.0368133373558521,0.8679458685219288,0.66,0.6537715831079676
ERing,0,0.0351660829037427,0.0826529916375875,0.0467016287147998,0.5207027960568666,0.9814814814814816,0.9816292859264408
ERing,1,0.0439587719738483,0.0761401522904634,0.0155908670276403,0.5419832281768322,0.9888888888888888,0.9889277895384394
ERing,2,0.0495461169630289,0.0647551193833351,0.0234677847474813,0.5775509923696518,0.9888888888888888,0.9889277895384394
ERing,3,0.0420426838099956,0.0670213922858238,0.028188494965434,0.5645608808845282,0.9851851851851852,0.9852603600338288
ERing,4,0.0600542332977056,0.0558598469942808,0.0315905846655368,0.5687856916338205,0.9851851851851852,0.9851824711863792
ERing,5,0.0228293649852275,0.1181778274476528,0.0331600103527307,0.5698563996702433,0.9851851851851852,0.9851824711863792
ERing,6,0.0425268169492483,0.1131309792399406,0.0558961406350135,0.5624983813613653,0.9851851851851852,0.985259414246366
ERing,7,0.0315353069454431,0.124235600233078,0.0314066354185342,0.4625162836164236,0.9851851851851852,0.9852240858347356
ERing,8,0.0361229255795478,0.0931666158139705,0.0300346370786428,0.4173718765377998,0.9851851851851852,0.985259414246366
ERing,9,0.01630499958992,0.0933742765337228,0.0313311349600553,0.376584593206644,0.9851851851851852,0.985259414246366
ERing,10,0.0210932549089193,0.1331833805888891,0.0313993897289037,0.5547402705997229,0.9888888888888888,0.9888463596328764
ERing,11,0.0216887313872575,0.1221867110580205,0.0296617615967988,0.5627805292606354,0.9851851851851852,0.9851810680950888
ERing,12,0.0211089812219142,0.1272025015205145,0.0502991415560245,0.499755036085844,0.9888888888888888,0.9889277895384394
ERing,13,0.0366190001368522,0.1061036605387926,0.0339227281510829,0.4418072402477264,0.9851851851851852,0.985259414246366
ERing,14,0.0182315409183502,0.0965477991849184,0.0254739746451377,0.3916857652366161,0.9851851851851852,0.985259414246366
ERing,15,0.0248320512473583,0.086856223642826,0.0287639070302248,0.346484636887908,0.9851851851851852,0.985259414246366
ERing,16,0.0159269403666257,0.0843033324927091,0.0249991919845342,0.3552247397601604,0.9888888888888888,0.9889277895384394
ERing,17,0.0237201955169439,0.0816842522472143,0.0332885403186082,0.3417889270931482,0.9888888888888888,0.9889277895384394
ERing,18,0.0159074831753969,0.0875168833881616,0.0225754231214523,0.3317096680402756,0.9888888888888888,0.9889277895384394
ERing,19,0.0158342085778713,0.0819346234202385,0.0606703776866197,0.3686572648584842,0.9888888888888888,0.9889277895384394
EigenWorms,0,0.0210763365030288,64.47796957194805,0.1332702916115522,71.61688418313861,0.8931297709923665,0.8894078779574962
EigenWorms,1,0.0282552484422922,65.23343817330897,0.1288397870957851,72.56917565129697,0.9083969465648856,0.9042970656566642
EigenWorms,2,0.0283107310533523,65.6268751733005,0.148037115111947,72.2065204679966,0.916030534351145,0.9114279960350824
EigenWorms,3,0.0281064845621585,64.79857700876892,0.111185997724533,71.8693447932601,0.916030534351145,0.91290288825791
EigenWorms,4,0.0213377755135297,64.4565462730825,0.1029747147113084,71.55212899111211,0.8931297709923665,0.8894078779574962
EigenWorms,5,0.014324951916933,44.72133395634592,0.0800837986171245,45.22274273261428,0.916030534351145,0.9132729848217636
EigenWorms,6,0.026705726981163,44.46038551069796,0.056540697813034,44.80830485187471,0.900763358778626,0.8968024440833756
EigenWorms,7,0.0277873594313859,44.50202289968729,0.0509832631796598,44.6122478581965,0.900763358778626,0.8969716897578971
EigenWorms,8,0.0260595716536045,44.16489207372069,0.056289879605174,44.25947637856007,0.8931297709923665,0.8892178319283123
EigenWorms,9,0.028950035572052,44.68385987915099,0.098775515332818,45.309196181595325,0.8931297709923665,0.8878438937178749
EigenWorms,10,0.0141152460128068,44.11817047372461,0.0757201220840215,44.48595219664276,0.900763358778626,0.8964263530968729
EigenWorms,11,0.0270314812660217,44.42019117251039,0.0619367472827434,44.76797027140856,0.900763358778626,0.8970726437702873
EigenWorms,12,0.0142879765480756,44.73851201310754,0.0779181588441133,45.00517299585045,0.9083969465648856,0.9056581671085489
EigenWorms,13,0.0277934204787015,44.81872186809778,0.0783030111342668,45.12390476465225,0.9236641221374046,0.9213145340551948
EigenWorms,14,0.0142900310456752,44.4941098280251,0.0678506046533584,44.74610482156277,0.900763358778626,0.8969197166669137
EigenWorms,15,0.026591395959258,44.346307856962085,0.0752894543111324,44.64612704887986,0.8931297709923665,0.8881356133264529
EigenWorms,16,0.0285435318946838,44.71003455854952,0.061266241595149,44.461855268105865,0.9083969465648856,0.9039063050015588
EigenWorms,17,0.0139283947646617,44.21582269668579,0.0603960826992988,43.93071954138577,0.916030534351145,0.91290288825791
EigenWorms,18,0.0163325201719999,43.88242176361382,0.0626082886010408,44.33718993701041,0.8854961832061069,0.8806401475502039
EigenWorms,19,0.013999979943037,44.35669665597379,0.0789628569036722,44.34146953560412,0.9083969465648856,0.9039063050015588
Epilepsy,0,0.042729003354907,0.6554185878485441,0.1691287346184253,0.7325444221496582,1.0,1.0
Epilepsy,1,0.0407291743904352,0.5879787299782038,0.1461218539625406,0.6542391125112772,1.0,1.0
Epilepsy,2,0.0543557461351156,0.6115464475005865,0.1286851242184639,0.6537285465747118,1.0,1.0
Epilepsy,3,0.0288914591073989,0.5874507296830416,0.1571581307798624,0.649430338293314,1.0,1.0
Epilepsy,4,0.0399059914052486,0.6096730269491673,0.1090938579291105,0.6669802479445934,1.0,1.0
Epilepsy,5,0.0187135972082614,0.6804418507963419,0.0814977064728736,0.7047262527048588,1.0,1.0
Epilepsy,6,0.0231032092124223,0.5808744505047798,0.0668059382587671,0.5094523504376411,1.0,1.0
Epilepsy,7,0.0128604490309953,0.4630742836743593,0.0677939373999834,0.440733540803194,1.0,1.0
Epilepsy,8,0.0141114126890897,0.3864516038447618,0.0621277689933776,0.4132295716553926,1.0,1.0
Epilepsy,9,0.0138321183621883,0.4144910052418709,0.0637603551149368,0.4066906217485666,1.0,1.0
Epilepsy,10,0.013763865455985,0.6679035201668739,0.0672684926539659,0.6290628872811794,1.0,1.0
Epilepsy,11,0.0230181589722633,0.5356812756508589,0.0692325625568628,0.5212370958179235,1.0,1.0
Epilepsy,12,0.0110292118042707,0.4370692316442728,0.2001084312796592,0.495436679571867,1.0,1.0
Epilepsy,13,0.0145881809294223,0.4709427878260612,0.0663119778037071,0.4425018634647131,1.0,1.0
Epilepsy,14,0.0281389970332384,0.4165142998099327,0.0803439561277628,0.4267234429717064,1.0,1.0
Epilepsy,15,0.0229214560240507,0.3839602805674076,0.1319256778806448,0.452163852751255,1.0,1.0
Epilepsy,16,0.0173065736889839,0.3903929609805345,0.068746231496334,0.4426535870879888,1.0,1.0
Epilepsy,17,0.0138376019895076,0.3944824580103159,0.1096025500446558,0.4012522865086794,1.0,1.0
Epilepsy,18,0.0140023250132799,0.3781524542719126,0.0671508684754371,0.4208086766302585,1.0,1.0
Epilepsy,19,0.0228656753897666,0.377035578712821,0.0839038603007793,0.4125077482312917,1.0,1.0
EthanolConcentration,0,0.0156193636357784,8.880271712318063,0.1982948761433363,8.99421127513051,0.311787072243346,0.2935465824059434
EthanolConcentration,1,0.0194749999791383,9.040953531861303,0.2179915215820074,9.083346707746388,0.3041825095057034,0.2807539130524385
EthanolConcentration,2,0.0311731062829494,8.922543564811349,0.2568615525960922,9.064570412039757,0.3079847908745247,0.2832060632472657
EthanolConcentration,3,0.0301626604050397,8.979894507676363,0.2147099897265434,9.01510975509882,0.3079847908745247,0.2890151470748441
EthanolConcentration,4,0.0183178223669528,8.974455872550607,0.2104572486132383,9.079465802758932,0.311787072243346,0.2857294303881261
EthanolConcentration,5,0.0140394866466522,5.550242772325873,0.2278736606240272,6.043429976329207,0.3079847908745247,0.2852115555174473
EthanolConcentration,6,0.0255898367613554,6.1100830771029,0.2261289749294519,5.994627548381686,0.3193916349809886,0.2916911259225332
EthanolConcentration,7,0.0233053676784038,6.054028755053878,0.2904728408902883,5.980473257601261,0.311787072243346,0.286421277197829
EthanolConcentration,8,0.0274990182369947,5.979967759922147,0.3046059161424637,6.132649101316929,0.311787072243346,0.2863911734526629
EthanolConcentration,9,0.0151922274380922,6.108131695538759,0.2267690226435661,6.034078208729625,0.3193916349809886,0.2957561654411844
EthanolConcentration,10,0.0139708146452903,5.5311999544501305,0.2061163783073425,5.810844626277685,0.311787072243346,0.2894860318254544
EthanolConcentration,11,0.020926097407937,5.876360693946481,0.2817762698978185,5.980540072545409,0.3193916349809886,0.2937815908126995
EthanolConcentration,12,0.0207995641976594,6.001867119222879,0.2755259089171886,6.086302345618606,0.3231939163498099,0.3013135366360213
EthanolConcentration,13,0.031157424673438,6.083271505311132,0.2821234203875065,6.1437035743147135,0.311787072243346,0.284583329039881
EthanolConcentration,14,0.013998245820403,5.901913775131106,0.270468957722187,6.002423983067274,0.3155893536121673,0.2895996982998336
EthanolConcentration,15,0.0139794386923313,5.801010457798839,0.2817102167755365,5.8963346891105175,0.3155893536121673,0.2896395074625799
EthanolConcentration,16,0.0310313776135444,5.774851240217686,0.2449828535318374,5.910697266459465,0.311787072243346,0.288294240406977
EthanolConcentration,17,0.0140749998390674,5.991553032770753,0.2663318365812301,5.973990496248007,0.3003802281368821,0.2773363615250285
EthanolConcentration,18,0.0138403084129095,6.005518224090338,0.2371037993580103,6.089634818956256,0.3193916349809886,0.2938571641069866
EthanolConcentration,19,0.0339444372802972,6.021173464134336,0.2359963413327932,6.087680147960782,0.3155893536121673,0.293921158476477
FaceDetection,0,0.040290854871273,12.97598948702216,38.3766088988632,7.808554088696837,0.6384790011350738,0.6361490331672157
FaceDetection,1,0.040268400683999,13.097486013546586,40.41964667290449,7.968093475326896,0.6362088535754824,0.6353801732186464
FaceDetection,2,0.0403565838932991,13.126841427758336,33.21280683018267,8.028752565383911,0.6350737797956867,0.6344289822300696
FaceDetection,3,0.0414862465113401,13.015884025022388,38.56152377463877,7.960212364792824,0.6316685584562997,0.6297450392826327
FaceDetection,4,0.0411910954862833,13.137172985821962,40.69652971997857,7.92679981701076,0.6381952326901249,0.6359459001557871
FaceDetection,5,0.0309359338134527,9.076939016580582,14.403162280097604,4.956452215090394,0.6328036322360954,0.6316642111248967
FaceDetection,6,0.0303992591798305,8.869449399411678,14.468751572072506,4.895720712840557,0.6404653802497162,0.6404338494576238
FaceDetection,7,0.0309426747262477,8.947510872036219,14.479209704324605,4.9108135886490345,0.6370601589103292,0.6362820001634927
FaceDetection,8,0.0303615387529134,8.863873559981585,14.205795641988516,4.878616543486714,0.6421679909194098,0.6407806725858011
FaceDetection,9,0.0305570438504219,8.989890975877643,14.315724231302738,4.94944647885859,0.6356413166855845,0.6320113831436956
FaceDetection,10,0.0303106680512428,8.921103369444609,14.400448380038142,4.895974297076464,0.6427355278093076,0.640855005981681
FaceDetection,11,0.0307589266449213,8.914909165352583,14.313151005655527,4.924349725246429,0.6540862656072645,0.6537045440236579
FaceDetection,12,0.0308978036046028,8.887521300464869,14.5021878387779,4.912888955324888,0.6390465380249716,0.6386134063954506
FaceDetection,13,0.0306709464639425,8.976129299029708,14.427212318405507,4.951348954811692,0.6520998864926221,0.6518415131803736
FaceDetection,14,0.0304383169859647,8.961793491616845,14.4355155993253,4.947083700448275,0.6444381384790011,0.6436944302895545
FaceDetection,15,0.0307397078722715,8.905587235465646,14.453944578766825,4.906579241156578,0.6311010215664018,0.629235041934025
FaceDetection,16,0.0304634384810924,8.939140005037189,14.367244943976402,4.946394998580217,0.6362088535754824,0.6353401471241568
FaceDetection,17,0.0299785025417804,8.815372737124562,14.334243796765804,4.86858419701457,0.6390465380249716,0.6370093482161945
FaceDetection,18,0.0306917484849691,8.90936716645956,14.412993621081114,4.905567588284612,0.6160612939841089,0.6156229858481838
FaceDetection,19,0.0301963817328214,8.813374863937497,14.594246033579113,4.844621568918228,0.6316685584562997,0.6301202465481192
FingerMovements,0,0.0500506479293108,0.6334536429494619,0.262716107070446,0.2754059806466102,0.53,0.527024419656316
FingerMovements,1,0.0606006011366844,0.6122245248407125,0.2506817001849413,0.2890638262033462,0.55,0.5471510400964728
FingerMovements,2,0.0562947187572717,0.6139203310012817,0.2460791040211916,0.3112090397626161,0.51,0.5092643379041136
FingerMovements,3,0.0503101181238889,0.6970955729484558,0.2717062346637249,0.2579018920660019,0.54,0.5344242424242425
FingerMovements,4,0.0486111771315336,0.6005749944597483,0.2325808145105838,0.2646227795630693,0.53,0.5253090029236819
FingerMovements,5,0.0269662216305732,0.6311087124049664,0.2421813085675239,0.2663259319961071,0.55,0.5471510400964728
FingerMovements,6,0.0325788799673318,0.5700910408049822,0.2558000516146421,0.2404641266912222,0.55,0.5484210526315789
FingerMovements,7,0.0340230446308851,0.5046107452362776,0.2592859081923961,0.2298712041229009,0.56,0.5578803693295865
FingerMovements,8,0.024237623438239,0.4547105729579925,0.2504673879593611,0.2296328153461218,0.56,0.5546666666666666
FingerMovements,9,0.0195916444063186,0.4574918989092111,0.2410101108253002,0.2384753301739692,0.55,0.5484210526315789
FingerMovements,10,0.0263951979577541,0.6177023109048605,0.2491475343704223,0.2977107167243957,0.56,0.5546666666666666
FingerMovements,11,0.0201109889894723,0.6217911709100008,0.2532401755452156,0.2476089429110288,0.54,0.5388942307692307
FingerMovements,12,0.0279949959367513,0.526602279394865,0.2524465769529342,0.2241182886064052,0.51,0.508280701754386
FingerMovements,13,0.0245757885277271,0.4636033233255148,0.2454255279153585,0.2023815289139747,0.55,0.5455086198205464
FingerMovements,14,0.0266290567815303,0.4528075214475393,0.2692221757024526,0.2118300888687372,0.56,0.5578803693295865
FingerMovements,15,0.0264984667301177,0.4496499113738537,0.2560181599110365,0.2066881004720926,0.57,0.5672776605366294
FingerMovements,16,0.020151687785983,0.4167241565883159,0.2413492482155561,0.1784528251737356,0.53,0.5253090029236819
FingerMovements,17,0.0268028620630502,0.4152970556169748,0.2448527459055185,0.1709019169211387,0.58,0.5766183574879227
FingerMovements,18,0.0265523046255111,0.4134755600243807,0.2418534830212593,0.1857267078012228,0.53,0.527024419656316
FingerMovements,19,0.0269130561500787,0.3979871440678835,0.2580403871834278,0.2096142154186964,0.51,0.508280701754386
HandMovementDirection,0,0.0313966125249862,2.147399313747883,0.118253206834197,1.1468420531600714,0.4054054054054054,0.405985615663035
HandMovementDirection,1,0.0560915432870388,2.2641661316156387,0.221563134342432,1.1526490934193134,0.4459459459459459,0.4464279201121306
HandMovementDirection,2,0.0517572369426488,2.181336987763644,0.1334006153047084,1.2158455271273851,0.4189189189189189,0.4246928746928747
HandMovementDirection,3,0.0720671880990266,2.16825794801116,0.1735483184456825,1.1601509880274534,0.4459459459459459,0.454508378558608
HandMovementDirection,4,0.0455409605056047,2.1552261412143707,0.154486171901226,1.2695085685700178,0.4459459459459459,0.4523485749900844
HandMovementDirection,5,0.0180811341851949,1.546071231365204,0.13998943567276,0.8819962721318007,0.4594594594594595,0.4693868674445811
HandMovementDirection,6,0.0328261964023113,1.619103878736496,0.0867205467075109,0.940340457484126,0.4594594594594595,0.4546440861096033
HandMovementDirection,7,0.017828332260251,1.6685069389641285,0.0622110441327095,0.9681216031312944,0.3783783783783784,0.3796451731766597
HandMovementDirection,8,0.0244432277977466,1.8731530103832483,0.1656530909240245,1.185429111123085,0.4729729729729729,0.4755222115154203
HandMovementDirection,9,0.0401513706892728,1.921054784208536,0.0796645861119031,1.073022423312068,0.4189189189189189,0.4261913057695521
HandMovementDirection,10,0.0237298253923654,1.6329048480838535,0.0851511415094137,1.0343626458197832,0.4459459459459459,0.4466938103893211
HandMovementDirection,11,0.0358294155448675,1.8357062246650453,0.1384395286440849,0.9988476783037186,0.4459459459459459,0.4500880190535363
HandMovementDirection,12,0.0263621360063552,1.7406527884304523,0.0717778000980615,1.0011302661150694,0.4594594594594595,0.4617440870412008
HandMovementDirection,13,0.0356637854129076,1.9117811471223831,0.0836736727505922,1.220945218577981,0.4324324324324324,0.4365306482953541
HandMovementDirection,14,0.0309350863099098,1.897510260343552,0.0765423066914081,0.9228156078606844,0.4459459459459459,0.4513617895970837
HandMovementDirection,15,0.0423427242785692,1.874298820272088,0.0828292500227689,1.308932727202773,0.4324324324324324,0.4334940364352129
HandMovementDirection,16,0.0302623640745878,1.927216913551092,0.1560929529368877,1.146486697718501,0.4459459459459459,0.4512694512694512
HandMovementDirection,17,0.0271818228065967,1.8970957733690736,0.0802309792488813,0.9373702760785818,0.4729729729729729,0.4793396902164938
HandMovementDirection,18,0.031637692824006,1.661698119714856,0.0772471278905868,0.904292831197381,0.4189189189189189,0.4212114466197951
HandMovementDirection,19,0.0195279754698276,1.5953416004776957,0.0747896637767553,0.8480342999100685,0.4864864864864865,0.486173546771924
Handwriting,0,0.0508728120476007,0.525960685685277,0.1232087556272745,2.576806353405118,0.5858823529411765,0.5624121386129625
Handwriting,1,0.0287298895418643,0.4851153381168842,0.1246222779154777,2.7804243192076683,0.5811764705882353,0.555021801769215
Handwriting,2,0.0292445365339517,0.4985682442784309,0.1426531616598367,2.6011977549642324,0.5858823529411765,0.5592748905603513
Handwriting,3,0.0462492424994707,0.4588043689727783,0.1244259029626846,2.564055336639285,0.5835294117647059,0.5564136982399847
Handwriting,4,0.0540445819497108,0.4681571498513222,0.1450413577258587,2.593719195574522,0.5952941176470589,0.5705381532608013
Handwriting,5,0.0122541952878236,0.536005400121212,0.078898100182414,1.8814954683184624,0.58,0.55320361545177
Handwriting,6,0.0140808373689651,0.4030539188534021,0.0768891274929046,1.6223022658377886,0.5905882352941176,0.5650026323198948
Handwriting,7,0.0141870435327291,0.351841339841485,0.1308490131050348,1.6000312976539135,0.5894117647058823,0.5619819080776988
Handwriting,8,0.0142201259732246,0.3372780624777078,0.0696808900684118,1.5946563929319382,0.5823529411764706,0.5561701912596198
Handwriting,9,0.0142621435225009,0.3366154134273529,0.1399647407233715,1.6144539825618267,0.5858823529411765,0.5601827632261928
Handwriting,10,0.0157636534422636,0.4036049712449312,0.0707003679126501,1.638770530000329,0.5870588235294117,0.5622658801826276
Handwriting,11,0.0142947379499673,0.3372924365103245,0.1384169962257146,1.595980079844594,0.5894117647058823,0.5631722656192144
Handwriting,12,0.0253221876919269,0.3524554912000894,0.0929840691387653,1.6186696905642748,0.5835294117647059,0.5578589880342918
Handwriting,13,0.0143776927143335,0.3677346184849739,0.0673173777759075,1.6146927364170551,0.5858823529411765,0.5588568440470485
Handwriting,14,0.0224515460431575,0.3511486817151308,0.0698286443948745,1.6080588437616825,0.5764705882352941,0.5519143223787243
Handwriting,15,0.0142379738390445,0.3381282519549131,0.0908628329634666,1.601139085367322,0.5858823529411765,0.5597787961531306
Handwriting,16,0.0143401529639959,0.3442883975803852,0.0700573623180389,1.6070419885218143,0.5835294117647059,0.5563787318575767
Handwriting,17,0.0273363906890153,0.3771854676306247,0.0702648907899856,1.5857140496373177,0.58,0.5544981966430262
Handwriting,18,0.0142557974904775,0.3585669361054897,0.0684116706252098,1.6034861970692873,0.5847058823529412,0.5597695954721713
Handwriting,19,0.0142759662121534,0.3534489441663027,0.0687667150050401,1.5919423010200262,0.5882352941176471,0.562875092294414
Heartbeat,0,0.0310671925544738,2.9577499255537987,0.1964515689760446,3.026577092707157,0.7902439024390244,0.766462438191159
Heartbeat,1,0.0317505244165658,3.005409663543105,0.16255166195333,3.1075143963098526,0.7414634146341463,0.7281121147955122
Heartbeat,2,0.0316258668899536,2.9930152241140604,0.1658422723412513,3.041194396093488,0.7414634146341463,0.7302633933769886
Heartbeat,3,0.0314409062266349,2.9900461826473475,0.1811814699321985,3.116200366988778,0.7560975609756098,0.7465017048948183
Heartbeat,4,0.0315138697624206,3.070883486419916,0.1973170787096023,3.0510325618088245,0.7560975609756098,0.7465017048948183
Heartbeat,5,0.0224510580301284,2.0490569565445185,0.0945817660540342,2.163414867594838,0.7365853658536585,0.7282253614391347
Heartbeat,6,0.0354858767241239,2.1034849360585213,0.1062511261552572,2.0306990407407284,0.751219512195122,0.740442133249555
Heartbeat,7,0.0235495939850807,1.9472021497786045,0.0974351372569799,2.0430662874132395,0.7609756097560976,0.7486319551883036
Heartbeat,8,0.0257620774209499,1.9792881980538368,0.0980255920439958,2.0260395165532827,0.7658536585365854,0.7566416366990255
Heartbeat,9,0.0282310917973518,1.9671636875718832,0.0943759493529796,2.078377926722169,0.7707317073170732,0.7568673225680248
Heartbeat,10,0.0222341101616621,1.9912258442491293,0.0938689596951007,2.084774261340499,0.7414634146341463,0.7322898259184041
Heartbeat,11,0.0229685250669717,2.0142852403223515,0.0988236255943775,2.0211471784859896,0.7414634146341463,0.7281121147955122
Heartbeat,12,0.0226820893585681,2.0061935540288687,0.0927766617387533,2.0853415112942457,0.7560975609756098,0.7445318646734854
Heartbeat,13,0.0247148405760526,1.999471615999937,0.1096975114196538,2.04809257760644,0.7560975609756098,0.7483568161473471
Heartbeat,14,0.022735608741641,1.966411888599396,0.0949566178023815,2.044284189119935,0.7658536585365854,0.754750590086546
Heartbeat,15,0.0241656471043825,2.049549074843526,0.0946351327002048,2.07874664478004,0.7317073170731707,0.7178521945991165
Heartbeat,16,0.0284566711634397,2.0341165512800217,0.0997359938919544,2.127156849950552,0.7463414634146341,0.736361773090611
Heartbeat,17,0.0222318843007087,2.004110278561712,0.0762737337499857,2.0357730090618134,0.751219512195122,0.740442133249555
Heartbeat,18,0.0226012952625751,2.0311095993965864,0.0927330907434225,2.120982399210334,0.7560975609756098,0.7445318646734854
Heartbeat,19,0.0296394880861043,2.0121686682105064,0.0950847454369068,2.00017623603344,0.7658536585365854,0.7506136398943608
JapaneseVowels,0,0.0792731139808893,0.3057521600276232,0.22791787981987,0.5081636216491461,0.9891891891891892,0.9891339829039538
JapaneseVowels,1,0.0797249600291252,0.3086559101939201,0.2047383766621351,0.5067305695265532,0.991891891891892,0.9918730580760948
JapaneseVowels,2,0.0557594653218984,0.3077371977269649,0.2294569313526153,0.5748004987835884,0.9891891891891892,0.9891339829039538
JapaneseVowels,3,0.0898569095879793,0.3372644521296024,0.1901745740324258,0.5291215591132641,0.9864864864864864,0.9864763127303068
JapaneseVowels,4,0.0575782787054777,0.319127531722188,0.2166272234171629,0.5117486417293549,0.9891891891891892,0.9891339829039538
JapaneseVowels,5,0.0308021716773509,0.2720430642366409,0.2153757121413946,0.3788366969674825,0.9891891891891892,0.9891339829039538
JapaneseVowels,6,0.0244037210941314,0.2536045201122761,0.2255310472100973,0.3386378977447748,0.9891891891891892,0.9891339829039538
JapaneseVowels,7,0.0245437156409025,0.2297077234834432,0.2297953590750694,0.3103487379848957,0.9891891891891892,0.9891339829039538
JapaneseVowels,8,0.0477617997676134,0.2188691813498735,0.2947228997945785,0.3543084897100925,0.991891891891892,0.9918769074706708
JapaneseVowels,9,0.0253771990537643,0.2288047447800636,0.2224582303315401,0.3522573765367269,0.9891891891891892,0.9891339829039538
JapaneseVowels,10,0.0204028226435184,0.2865403722971678,0.245330199599266,0.4984535872936249,0.9891891891891892,0.9891339829039538
JapaneseVowels,11,0.0249443165957927,0.39138856343925,0.2580260038375854,0.5201994106173515,0.9891891891891892,0.989214713951265
JapaneseVowels,12,0.0305638778954744,0.3842234890908003,0.2473610565066337,0.4614434540271759,0.9945945945945946,0.99459981302283
JapaneseVowels,13,0.025350859388709,0.2999965790659189,0.1985444705933332,0.3721089363098144,0.9891891891891892,0.9891339829039538
JapaneseVowels,14,0.0190113876014947,0.2609912026673555,0.2054765820503235,0.3163584340363741,0.991891891891892,0.9918730580760948
JapaneseVowels,15,0.0246487148106098,0.243018627166748,0.2186408434063196,0.3208917491137981,0.991891891891892,0.9918769074706708
JapaneseVowels,16,0.0247477404773235,0.2181432396173477,0.2187138684093952,0.3133096490055322,0.991891891891892,0.9918769074706708
JapaneseVowels,17,0.0243560951203107,0.2392584905028343,0.219513576477766,0.3239550609141588,0.9891891891891892,0.9891339829039538
JapaneseVowels,18,0.0244926512241363,0.2262937650084495,0.2236972972750663,0.3112820405513048,0.991891891891892,0.9918769074706708
JapaneseVowels,19,0.0245029423385858,0.2187219243496656,0.2247743085026741,0.3611469324678182,0.9891891891891892,0.9891339829039538
LSST,0,0.0452214498072862,2.740564161911607,3.743128372356296,2.9272141233086586,0.6536901865369019,0.6107402871122286
LSST,1,0.0380206666886806,3.113368270918727,3.574161956086755,2.902714116498828,0.6536901865369019,0.6096222237842859
LSST,2,0.0390488747507333,2.772048382088542,3.765340955927968,2.8949800729751587,0.6528791565287916,0.6077800586614556
LSST,3,0.0382842756807804,2.7495915554463863,3.550667157396674,2.8688253443688154,0.6459854014598541,0.6014507448865727
LSST,4,0.0378363076597452,2.796890791505575,3.6215266436338425,3.21146241016686,0.6508515815085159,0.6067080759148669
LSST,5,0.0192878823727369,1.6675866767764091,2.506383722648025,2.047107784077525,0.6382806163828062,0.5943649451949335
LSST,6,0.0191255994141101,1.86379318498075,2.4806233886629343,2.0815039202570915,0.6557177615571776,0.611699051337485
LSST,7,0.0191949289292097,1.930761145427823,2.502945376560092,2.08278969489038,0.6476074614760746,0.6021729303148318
LSST,8,0.0235906895250082,1.88437445089221,2.5871839560568333,2.0395809523761272,0.6500405515004055,0.6059698795533839
LSST,9,0.0193958859890699,1.90771328099072,2.496365135535598,2.075479567050934,0.6545012165450121,0.6112903081910483
LSST,10,0.019065348431468,1.6636034809052944,2.5490419194102287,2.0497669130563736,0.6427412814274128,0.59770694493793
LSST,11,0.0193744786083698,1.968487460166216,2.5072908736765385,2.0745731629431248,0.6532846715328468,0.60942096068853
LSST,12,0.0193625558167696,1.9555503223091364,2.57209063321352,2.113694472238421,0.6504460665044607,0.6072492360168584
LSST,13,0.0192033108323812,2.095291929319501,2.5896173622459173,2.100252687931061,0.6561232765612328,0.6117674142676301
LSST,14,0.0193211194127798,1.973758649080992,2.524637270718813,2.1105188988149166,0.6561232765612328,0.6104910679872244
LSST,15,0.0193007010966539,1.9692356400191784,2.542950553819537,2.082424819469452,0.6463909164639091,0.602438504514021
LSST,16,0.0193945150822401,1.961901057511568,2.6307743340730667,2.056326726451516,0.654095701540957,0.6090792614795768
LSST,17,0.0188385248184204,1.9094474036246536,2.519317803904414,2.079622346907854,0.6613949716139497,0.617304132906331
LSST,18,0.0191935431212186,1.945762529969216,2.4993125535547733,2.081714214757085,0.6427412814274128,0.5990040195567102
LSST,19,0.0190101359039545,1.9684028085321188,2.506105123087764,2.19961129501462,0.6512570965125709,0.6071461668753735
Libras,0,0.0496720988303422,0.1841044072061777,0.1755476091057062,0.2393214888870716,0.9666666666666668,0.9665879209357472
Libras,1,0.0482074040919542,0.196274196729064,0.2382701653987169,0.2830906119197607,0.9611111111111112,0.9607908194864716
Libras,2,0.0318769998848438,0.1949088852852583,0.1911919023841619,0.2263993136584758,0.9666666666666668,0.9665879209357472
Libras,3,0.0266427882015705,0.2043526601046323,0.1993951592594385,0.2347861398011446,0.9555555555555556,0.9545465130682524
Libras,4,0.0361435413360595,0.1966088246554136,0.1888893917202949,0.232858195900917,0.9611111111111112,0.9610227035444427
Libras,5,0.0119690299034118,0.1812665052711963,0.0916489530354738,0.2077933829277753,0.9666666666666668,0.9665879209357472
Libras,6,0.0123275127261877,0.1873312797397375,0.1045248117297887,0.2044145353138446,0.9611111111111112,0.9610323653801914
Libras,7,0.0122489854693412,0.1701121684163808,0.0849772989749908,0.2349702399224043,0.9611111111111112,0.9607908194864716
Libras,8,0.0278316047042608,0.1530990041792392,0.0861491560935974,0.1747463345527649,0.9555555555555556,0.9554671479888872
Libras,9,0.0155027490109205,0.1442875768989324,0.1681730467826128,0.1736944261938333,0.9555555555555556,0.9554478243173896
Libras,10,0.0118725001811981,0.196287952363491,0.1682397052645683,0.2535356748849153,0.9555555555555556,0.9552256020951674
Libras,11,0.0120754186064004,0.2161814831197261,0.0854877438396215,0.2158992365002632,0.9666666666666668,0.9665879209357472
Libras,12,0.0165106914937496,0.1864415388554334,0.1080193072557449,0.2117279656231403,0.9666666666666668,0.9665879209357472
Libras,13,0.0228042285889387,0.1740611549466848,0.1707630436867475,0.1858164761215448,0.9611111111111112,0.9607908194864716
Libras,14,0.0121713187545537,0.1425121799111366,0.0830459147691726,0.1701623182743787,0.9666666666666668,0.9665879209357472
Libras,15,0.0121017303317785,0.1333158332854509,0.1162091959267854,0.1761767119169235,0.9611111111111112,0.9610323653801914
Libras,16,0.0204619579017162,0.1343417204916477,0.0842655431479215,0.1753344312310218,0.9666666666666668,0.9665879209357472
Libras,17,0.0119380541145801,0.1410461515188217,0.0883181244134903,0.1640866119414568,0.9611111111111112,0.9610323653801914
Libras,18,0.0120544824749231,0.1525316685438156,0.0687915310263633,0.1728594917804002,0.9611111111111112,0.9607908194864716
Libras,19,0.0121306125074625,0.1404640916734933,0.0842621363699436,0.1535673793405294,0.9666666666666668,0.9665879209357472
MotorImagery,0,0.0313331205397844,29.616817228496075,0.2054529208689928,11.828546108677983,0.59,0.5805626598465473
MotorImagery,1,0.0321551989763975,30.19291412457824,0.202904051169753,11.898383490741251,0.6,0.5894909688013137
MotorImagery,2,0.0321262553334236,29.85434453189373,0.2467238642275333,11.731340104714036,0.59,0.5746446726838883
MotorImagery,3,0.0315577611327171,29.821557896211743,0.2113476302474737,11.677044438198209,0.6,0.5941558441558441
MotorImagery,4,0.0323056355118751,29.8863661326468,0.2305550556629896,11.773292472586036,0.58,0.5659363373294751
MotorImagery,5,0.0221887752413749,20.71354181692004,0.2764253411442041,8.91628603823483,0.58,0.58
MotorImagery,6,0.0220043305307626,20.44665900245309,0.2191221471875906,8.691392105072737,0.58,0.5625
MotorImagery,7,0.0261856205761432,20.316660484299064,0.2339096516370773,8.63347521983087,0.58,0.5625
MotorImagery,8,0.0412823464721441,20.344919757917523,0.2716533057391643,8.760850448161364,0.59,0.58995899589959
MotorImagery,9,0.0224710740149021,20.63282193616033,0.2303812280297279,8.634010130539536,0.6,0.6
MotorImagery,10,0.0222424641251564,20.31964110955596,0.2223202176392078,8.686337381601334,0.58,0.5586380832282473
MotorImagery,11,0.0422788839787244,20.60857596807182,0.2242612335830927,8.770540764555335,0.59,0.58995899589959
MotorImagery,12,0.0272728838026523,20.67165618762374,0.2791287209838629,8.880517652258277,0.59,0.5805626598465473
MotorImagery,13,0.0226396787911653,20.67087124846876,0.2260546553879976,8.83257919177413,0.52,0.4851994851994852
MotorImagery,14,0.0426744353026151,20.665164100006223,0.2222519684582948,8.852493442595005,0.59,0.5777983729790958
MotorImagery,15,0.0222969483584165,20.559670347720385,0.2730520740151405,8.772356398403645,0.6,0.5998399359743897
MotorImagery,16,0.0224299225956201,20.79024221934378,0.260795310139656,8.9055968336761,0.58,0.5689655172413793
MotorImagery,17,0.0409868787974119,20.315717346966267,0.262822987511754,8.717713855206966,0.59,0.5889724310776943
MotorImagery,18,0.0413188766688108,20.5622333008796,0.2420572992414236,8.701564237475395,0.58,0.5625
MotorImagery,19,0.0412209760397672,20.448339395225048,0.2343802042305469,8.486539041623473,0.52,0.4485294117647058
NATOPS,0,0.0493943113833665,0.3693171516060829,0.1614475958049297,0.4249077755957842,0.9555555555555556,0.9557609998287964
NATOPS,1,0.0559017397463321,0.3687046580016613,0.152983209118247,0.4976269509643316,0.9444444444444444,0.9448176851025868
NATOPS,2,0.0570999719202518,0.4057969432324171,0.204654760658741,0.4091903194785118,0.9444444444444444,0.9448176851025868
NATOPS,3,0.0540123805403709,0.3645954076200723,0.1992742773145437,0.4119574651122093,0.9388888888888888,0.9393389799585008
NATOPS,4,0.0538605041801929,0.3746900074183941,0.1915336120873689,0.4261814896017313,0.9388888888888888,0.9392081082759048
NATOPS,5,0.0292164348065853,0.4161003604531288,0.1718787364661693,0.4582060202956199,0.9555555555555556,0.9558739716522946
NATOPS,6,0.0507204085588455,0.4238716717809438,0.2253898736089468,0.4418957885354757,0.9333333333333332,0.9337613985528792
NATOPS,7,0.0377960875630378,0.3694878593087196,0.0905014630407095,0.3899502549320459,0.9444444444444444,0.9443634505289163
NATOPS,8,0.0281549878418445,0.3352937083691358,0.0672413446009159,0.3343149330466985,0.95,0.9502886943564908
NATOPS,9,0.0274090114980936,0.2797096390277147,0.0892058871686458,0.2948405519127846,0.9555555555555556,0.9558957535994168
NATOPS,10,0.0391132440418005,0.4167863968759775,0.2221171502023935,0.479740422219038,0.95,0.9502886943564908
NATOPS,11,0.0359063558280468,0.4492605980485677,0.081517418846488,0.4449337478727102,0.9444444444444444,0.9448176851025868
NATOPS,12,0.0452676676213741,0.3501038085669279,0.0724658519029617,0.3546134494245052,0.9388888888888888,0.9392081082759048
NATOPS,13,0.026495587080717,0.2888622730970382,0.0788203552365303,0.3129205889999866,0.9444444444444444,0.9446498887176854
NATOPS,14,0.0265087019652128,0.2642784584313631,0.0791924409568309,0.2663383074104786,0.95,0.9502886943564908
NATOPS,15,0.0261066500097513,0.2459262609481811,0.0813619159162044,0.282211298123002,0.9444444444444444,0.9446498887176854
NATOPS,16,0.0265026502311229,0.2411318551748991,0.1637901607900858,0.3173950091004371,0.95,0.9503771116862876
NATOPS,17,0.0258377343416214,0.2676195576786995,0.0802514553070068,0.2915989011526108,0.95,0.9503627550862894
NATOPS,18,0.031310461461544,0.2477077301591634,0.0933260805904865,0.2855980042368173,0.9444444444444444,0.9446498887176854
NATOPS,19,0.0260905474424362,0.2701614592224359,0.0853808801621198,0.2972375582903623,0.95,0.950095723516754
PEMS-SF,0,0.1166924051940441,1.6369519643485546,0.2552242167294025,0.9898987766355276,0.7803468208092486,0.7762429391781343
PEMS-SF,1,0.1169816832989454,1.428987516090274,0.2139980662614107,1.0027223378419876,0.7976878612716763,0.792502323418271
PEMS-SF,2,0.1170021407306194,1.4494916200637815,0.1819602325558662,0.9712471440434456,0.7976878612716763,0.79430920330686
PEMS-SF,3,0.117015128955245,1.4613850694149733,0.1468087006360292,0.9456778801977634,0.7861271676300579,0.7807905933678309
PEMS-SF,4,0.1170762963593006,1.4738336764276028,0.2068217806518077,0.9545015897601844,0.7745664739884393,0.7691617500521342
PEMS-SF,5,0.0980000663548708,1.6099357530474665,0.2191804032772779,0.9794318042695522,0.7630057803468208,0.7578690580769987
PEMS-SF,6,0.0951692555099725,1.6014069337397814,0.2291782032698393,0.8632244262844324,0.8092485549132948,0.8058419227102176
PEMS-SF,7,0.0980170685797929,1.5784829296171663,0.2301707621663808,0.8396380711346865,0.7861271676300579,0.783097514878166
PEMS-SF,8,0.0978571567684412,1.5839881673455238,0.2314856760203838,0.7996803745627403,0.7745664739884393,0.7717405971024528
PEMS-SF,9,0.0980580262839794,1.573382567614317,0.2278523407876491,0.8322811368852854,0.7861271676300579,0.7812516770311159
PEMS-SF,10,0.0980420783162117,1.5907885413616896,0.2206704970449209,0.9696841780096292,0.7976878612716763,0.7932846301969954
PEMS-SF,11,0.0954505912959575,1.617173058912158,0.2238926645368337,0.9249157030135392,0.7745664739884393,0.7684961893761695
PEMS-SF,12,0.0976753607392311,1.6463862713426352,0.2243825048208236,0.9218993913382292,0.7861271676300579,0.7832253584377225
PEMS-SF,13,0.0957379601895809,1.641228849068284,0.25947449170053,0.960396321490407,0.7630057803468208,0.7589463313578833
PEMS-SF,14,0.0958009883761406,1.6290064863860607,0.2568111903965473,0.9619421046227216,0.7976878612716763,0.7945822762134356
PEMS-SF,15,0.0956982765346765,1.604746501892805,0.2234851233661174,0.9392959121614696,0.791907514450867,0.7858490768439785
PEMS-SF,16,0.1014367211610078,1.6476494502276182,0.2424472533166408,0.9355689100921154,0.7976878612716763,0.7922542785681188
PEMS-SF,17,0.0972659029066562,1.5762711726129055,0.2307615000754594,0.8421208318322897,0.7745664739884393,0.7696929914504277
PEMS-SF,18,0.0954241622239351,1.554930778220296,0.2238574009388685,0.8547081016004086,0.791907514450867,0.7868885480713811
PEMS-SF,19,0.0954837128520011,1.5948705021291971,0.3070278372615576,0.8968725241720676,0.7687861271676301,0.7644206263772761
PenDigits,0,0.0240980423986911,2.8196449242532253,78.17049654200673,1.510605128481984,0.9819897084048028,0.981966697794135
PenDigits,1,0.0263285879045724,2.928909257054329,78.37983499653637,1.5292654316872358,0.9825614636935392,0.9825112758507296
PenDigits,2,0.0243611708283424,2.976720739156008,78.21729123592377,1.531571300700307,0.9819897084048028,0.981934715262198
PenDigits,3,0.0244039464741945,2.901991644874215,78.13166889734566,1.5154741164296863,0.98084619782733,0.9808602192899704
PenDigits,4,0.0245413649827241,2.920646319165826,76.92240756191313,1.5195630360394716,0.9788450543167524,0.9787618400964968
PenDigits,5,0.0155491642653942,1.5575097985565662,21.56240394152701,1.18972503580153,0.9828473413379074,0.9828085115394396
PenDigits,6,0.0173971038311719,2.03742603585124,21.56648602336645,1.0748868733644483,0.9805603201829616,0.9805033559754972
PenDigits,7,0.0120034664869308,2.027041980996728,21.29151553846896,1.1267549209296703,0.98084619782733,0.980797975578717
PenDigits,8,0.0139929521828889,2.037687124684453,21.50772454030812,1.1632859017699957,0.9828473413379074,0.9827956064230224
PenDigits,9,0.0215397421270608,2.1016274355351925,21.62362332828343,1.079528285190463,0.982275586049171,0.9822216002698032
PenDigits,10,0.0128615051507949,1.5943087693303823,21.715990824624896,1.1601337734609842,0.983704974271012,0.9836713672121342
PenDigits,11,0.014215825125575,2.0392810590565205,21.40398289635777,1.0928126815706491,0.9828473413379074,0.9828067413824084
PenDigits,12,0.0120422784239053,2.060022072866559,21.537361150607467,1.1000733710825443,0.981132075471698,0.9811053865652398
PenDigits,13,0.0120939649641513,2.068757424131036,21.728126872330904,1.1006433181464672,0.9839908519153804,0.9839693359576296
PenDigits,14,0.0144509654492139,2.0670251082628965,21.298002369701862,1.0908209010958672,0.982275586049171,0.982251064169954
PenDigits,15,0.0090473983436822,2.0337696988135576,21.498728988692164,1.1336143240332603,0.9831332189822756,0.9830859298546232
PenDigits,16,0.0222754403948783,2.1114041302353144,21.386426964774728,1.0851626861840489,0.9817038307604344,0.9816635132103252
PenDigits,17,0.0118997655808925,2.018946837633848,21.55387775786221,1.0868243612349031,0.982275586049171,0.982262733379169
PenDigits,18,0.0089832860976457,2.017013777047396,21.359904143959284,1.0695278029888868,0.9828473413379074,0.9827946131822513
PenDigits,19,0.0119621213525533,2.0218232069164515,21.62392139062285,1.1332223378121853,0.9802744425385936,0.9802000505330002
Phoneme,0,0.0266713816672563,24.269494565203782,7.880589544773102,24.869558539241552,0.3125559200715777,0.3005614676475996
Phoneme,1,0.0269538480788469,24.57995146512985,8.075176572427154,25.095599526539445,0.3119594393080823,0.2983239577995737
Phoneme,2,0.0272435266524553,24.670878943055868,7.814134005457163,25.15151624009013,0.3113629585445869,0.298436709886475
Phoneme,3,0.0355718191713094,24.54513347148896,7.971311228349805,24.86059657484293,0.3149418431255592,0.3020761045228891
Phoneme,4,0.0266785379499197,24.69440391473472,7.988157505169511,25.080035926774144,0.31225767968983,0.3003237711433669
Phoneme,5,0.0180664174258708,16.652820834890008,5.07293245755136,16.479026479646564,0.3161348046525499,0.3039444262857438
Phoneme,6,0.0178121924400329,16.08179080300033,5.040694672614336,16.181463049724698,0.3113629585445869,0.2986727621906052
Phoneme,7,0.0181234963238239,16.097764544188976,5.018877487629652,16.183755034580827,0.3134506412168207,0.3021740347504512
Phoneme,8,0.0181154310703277,16.25998217985034,4.995035659521818,16.27422733232379,0.3065911124366239,0.2928754014030452
Phoneme,9,0.018168069422245,16.425174536183476,5.037979368120432,16.409908901900053,0.3188189680882791,0.3063152137788074
Phoneme,10,0.0333053991198539,16.726867439225316,5.025106055662036,16.242299804463983,0.3128541604533253,0.3003896813463757
Phoneme,11,0.0179769415408372,16.321122400462627,5.018383366987109,16.37771458365023,0.3164330450342976,0.3027962095875567
Phoneme,12,0.0181770790368318,16.319020120427012,5.103390768170357,16.35375771485269,0.3128541604533253,0.3007829394838272
Phoneme,13,0.0181132182478904,16.347538579255342,5.098843144252896,16.46858337894082,0.3158365642708022,0.3033264270649916
Phoneme,14,0.0333945695310831,16.656032783910632,5.100183052942157,16.253703637048602,0.3116611989263346,0.2986125484193894
Phoneme,15,0.0179493315517902,16.387027880176902,5.0997252352535725,16.3553636521101,0.30838055472711,0.295770531906674
Phoneme,16,0.0181302689015865,16.43106079660356,5.018916709348559,16.459367716684937,0.3077840739636147,0.2948505240507271
Phoneme,17,0.0177935156971216,16.1444461774081,5.023681525141001,16.089722003787756,0.3137488815985684,0.3007919733150076
Phoneme,18,0.0180063676089048,16.22678742930293,5.065410112962127,16.213648023083806,0.3045034297643901,0.2917313221810658
Phoneme,19,0.0180385075509548,16.275407252833247,5.034764707088471,16.279571916908026,0.3143453623620638,0.3021182731246893
RacketSports,0,0.0411913301795721,0.168925130739808,0.0998738054186105,0.2487125694751739,0.8881578947368421,0.8878641317287089
RacketSports,1,0.0509793646633625,0.1797705497592687,0.1184924189001321,0.2239572554826736,0.9144736842105264,0.9139724310776942
RacketSports,2,0.0389518477022647,0.1783984638750553,0.1515113189816475,0.2183501608669757,0.8947368421052632,0.8943059402893198
RacketSports,3,0.0587398875504732,0.178269051015377,0.1339065283536911,0.2278616745024919,0.8947368421052632,0.8943059402893198
RacketSports,4,0.0843128636479377,0.1588319428265094,0.1428819429129362,0.2341084647923708,0.9013157894736842,0.901056586819449
RacketSports,5,0.0192524082958698,0.1740166209638118,0.0820934921503067,0.2229520175606012,0.8947368421052632,0.8945834866887499
RacketSports,6,0.0258389990776777,0.1879290603101253,0.0781546477228403,0.2068459708243608,0.8881578947368421,0.8880928040310291
RacketSports,7,0.021540131419897,0.198108859360218,0.0711543392390012,0.2016963046044111,0.9078947368421052,0.9071641721813346
RacketSports,8,0.0193487778306007,0.1695182677358389,0.0719636548310518,0.1884879469871521,0.9078947368421052,0.9075176977531548
RacketSports,9,0.0380399860441684,0.1478197872638702,0.0715744458138942,0.1704665720462799,0.9144736842105264,0.9139724310776942
RacketSports,10,0.0191052760928869,0.2004133313894271,0.0685413982719183,0.2289751004427671,0.8881578947368421,0.8878641317287089
RacketSports,11,0.0196416731923818,0.2258734386414289,0.0879888460040092,0.2415702659636736,0.9013157894736842,0.9007374204742624
RacketSports,12,0.0369716808199882,0.1934134233742952,0.0858404282480478,0.2144086398184299,0.9144736842105264,0.9142490419101892
RacketSports,13,0.0552813280373811,0.1444781273603439,0.0764957778155803,0.219697043299675,0.9078947368421052,0.9075176977531548
RacketSports,14,0.0195596683770418,0.1735111195594072,0.0727000534534454,0.1860204059630632,0.9013157894736842,0.9007374204742624
RacketSports,15,0.0519344452768564,0.1424636542797088,0.1454879008233547,0.2056452259421348,0.9013157894736842,0.901056586819449
RacketSports,16,0.0346141941845417,0.1631258763372898,0.1438983920961618,0.2190513405948877,0.8947368421052632,0.8943059402893198
RacketSports,17,0.0195653978735208,0.1764726210385561,0.1301177553832531,0.213118502870202,0.9078947368421052,0.9075176977531548
RacketSports,18,0.0534515883773565,0.1491796523332595,0.1619111392647028,0.2133887391537428,0.9013157894736842,0.901056586819449
RacketSports,19,0.0340504888445138,0.1827568802982568,0.0582318268716335,0.2141111306846141,0.8947368421052632,0.8945834866887499
SelfRegulationSCP1,0,0.0282306335866451,6.653991527855396,0.197472408413887,7.331217499449849,0.924914675767918,0.924835885552676
SelfRegulationSCP1,1,0.0253899116069078,6.840252777561545,0.2000977359712124,7.463495394214988,0.9283276450511946,0.9282925659966472
SelfRegulationSCP1,2,0.0416619665920734,6.66879983432591,0.1989635694772005,7.450934192165732,0.931740614334471,0.9316960627540832
SelfRegulationSCP1,3,0.0401460602879524,6.717997051775456,0.1895466949790716,7.477350329980254,0.9215017064846416,0.9214632865677568
SelfRegulationSCP1,4,0.0369807612150907,6.680136615410447,0.2025471199303865,7.33353122510016,0.9146757679180888,0.9146041546440908
SelfRegulationSCP1,5,0.019449608400464,4.429796140640974,0.2085374556481838,5.057518821209669,0.9078498293515358,0.9077724870156184
SelfRegulationSCP1,6,0.0372333563864231,4.788089672103524,0.2282282933592796,5.18206825107336,0.9215017064846416,0.9214632865677568
SelfRegulationSCP1,7,0.0226935520768165,4.866733865812421,0.2446625083684921,5.379224644973874,0.924914675767918,0.924835885552676
SelfRegulationSCP1,8,0.0419863164424896,4.932212900370359,0.2229686472564935,5.096623361110687,0.924914675767918,0.9248656690294916
SelfRegulationSCP1,9,0.019459405913949,4.8853783048689365,0.2647002451121807,5.188045501708984,0.924914675767918,0.924835885552676
SelfRegulationSCP1,10,0.0240633264183998,4.485539752990007,0.2998365275561809,5.026151616126299,0.9180887372013652,0.9180027842392828
SelfRegulationSCP1,11,0.0305577404797077,4.666470158845186,0.2104933988302946,5.020626759156585,0.9215017064846416,0.9214358222725636
SelfRegulationSCP1,12,0.0194377079606056,4.771845428273082,0.2110798712819814,5.21003513596952,0.924914675767918,0.9248656690294916
SelfRegulationSCP1,13,0.0230323374271392,4.754927830770612,0.2291224468499422,5.253854924812913,0.924914675767918,0.9248656690294916
SelfRegulationSCP1,14,0.0235468335449695,4.947941686958075,0.2502035852521658,5.235535034909844,0.9215017064846416,0.9214358222725636
SelfRegulationSCP1,15,0.0248412769287824,4.861641393974423,0.2367339115589857,5.046551566570997,0.931740614334471,0.9317310720158786
SelfRegulationSCP1,16,0.0196158122271299,4.765761636197567,0.2377285566180944,5.008058154955506,0.9283276450511946,0.9282925659966472
SelfRegulationSCP1,17,0.023604379966855,4.538720913231373,0.2334637735038995,5.169997878372669,0.924914675767918,0.9248656690294916
SelfRegulationSCP1,18,0.0394042003899812,4.877125523984432,0.2163440752774477,5.273226600140333,0.9283276450511946,0.9282925659966472
SelfRegulationSCP1,19,0.0189928580075502,5.1912579126656055,0.284997658804059,5.402959553524852,0.9215017064846416,0.9214358222725636
SelfRegulationSCP2,0,0.0343180000782012,7.0265133660286665,0.1371806785464286,6.2635619305074215,0.5444444444444444,0.5435428005937655
SelfRegulationSCP2,1,0.0415477491915226,7.060959527269006,0.1912343744188547,6.653699912130833,0.55,0.5499861106824284
SelfRegulationSCP2,2,0.0414633378386497,7.182756010442972,0.1828950177878141,6.455973649397492,0.55,0.5499861106824284
SelfRegulationSCP2,3,0.0302152764052152,7.165038738399744,0.1717319339513778,6.378536114469171,0.5722222222222222,0.5722090187968765
SelfRegulationSCP2,4,0.0346736442297697,7.160589735955,0.1559011936187744,6.47271640598774,0.5666666666666667,0.56661316211878
SelfRegulationSCP2,5,0.0226171892136335,5.3956680949777365,0.1554072946310043,4.72453210875392,0.5611111111111111,0.5610975647396524
SelfRegulationSCP2,6,0.0271254610270261,4.835626712068915,0.0969880390912294,4.595670295879245,0.5333333333333333,0.53125
SelfRegulationSCP2,7,0.0478556770831346,5.011547658592463,0.0923865530639886,4.640466142445803,0.5666666666666667,0.56661316211878
SelfRegulationSCP2,8,0.0207369681447744,5.068724503740668,0.0842788834124803,4.792827783152461,0.5444444444444444,0.5435428005937655
SelfRegulationSCP2,9,0.0258546005934476,5.033417824655771,0.1110238004475832,4.7481804266572,0.5666666666666667,0.5666666666666667
SelfRegulationSCP2,10,0.0150210931897163,5.382890800014138,0.1493135076016187,4.657698888331652,0.5388888888888889,0.5364710992522725
SelfRegulationSCP2,11,0.0328936576843261,5.040703870356083,0.1160814575850963,4.686835676431656,0.5388888888888889,0.5377332219437482
SelfRegulationSCP2,12,0.0259679071605205,5.062998600304127,0.1173793412744999,4.633607406169176,0.5722222222222222,0.5721033620450126
SelfRegulationSCP2,13,0.0286010634154081,5.74860530719161,0.0935252625495195,4.653739657253027,0.5444444444444444,0.5424107142857143
SelfRegulationSCP2,14,0.0291186850517988,4.859543049708009,0.2088292147964239,4.681682268157601,0.5611111111111111,0.5609891636565713
SelfRegulationSCP2,15,0.0361151359975338,5.210531895980239,0.1035285331308841,4.725432112812996,0.55,0.5496525096525096
SelfRegulationSCP2,16,0.0154626201838254,5.103007068857551,0.097041230648756,4.718477059155703,0.5611111111111111,0.5610975647396524
SelfRegulationSCP2,17,0.0206627566367387,4.877074658870697,0.0927812810987234,4.695762498304248,0.5666666666666667,0.5664525691699605
SelfRegulationSCP2,18,0.0219809953123331,5.329121293500066,0.1200927253812551,4.7028117179870605,0.55,0.5499861106824284
SelfRegulationSCP2,19,0.0305339768528938,4.940115567296743,0.1124603524804115,4.684339901432395,0.5444444444444444,0.543034055727554
SpokenArabicDigits,0,0.0279242433607578,20.9988856818527,56.94730460084975,7.086462080478668,0.9986357435197816,0.998634700558875
SpokenArabicDigits,1,0.0270072668790817,21.35522993281484,55.76508185826242,7.507727490738034,0.9995452478399272,0.9995452454909888
SpokenArabicDigits,2,0.0266513358801603,21.29646890424192,56.81539508700371,7.343474233523011,0.9990904956798544,0.9990904768880546
SpokenArabicDigits,3,0.0265912525355815,21.311349658295512,54.13565420918167,7.1923289354890585,0.9995452478399272,0.9995452454909888
SpokenArabicDigits,4,0.0270601492375135,21.860532690770924,49.85207943059504,7.425442651845515,0.9990904956798544,0.9990904933309158
SpokenArabicDigits,5,0.0223856233060359,13.989620104432106,18.637440299615264,4.674495944753289,0.9986357435197816,0.9986326074932728
SpokenArabicDigits,6,0.0224428437650203,13.539039071649311,18.64542887918651,4.570639628916979,0.9986357435197816,0.998634700558875
SpokenArabicDigits,7,0.0180950239300727,13.56395747885108,18.67687511444092,4.599535156041384,0.9990904956798544,0.9990904909819774
SpokenArabicDigits,8,0.0179613828659057,13.460421765223144,18.82982846908272,4.546221053227782,1.0,1.0
SpokenArabicDigits,9,0.018241798505187,13.52042144909501,18.524053398519754,4.589779891073704,0.9990904956798544,0.9990904956798544
SpokenArabicDigits,10,0.0274790097028017,13.766845092177393,18.513084944337606,4.5824413653463125,0.9995452478399272,0.9995452454909888
SpokenArabicDigits,11,0.0214003380388021,13.618893465027211,18.790354538708925,4.620078610256314,1.0,1.0
SpokenArabicDigits,12,0.0183054376393556,13.542874239385128,18.73327273502946,4.570559313520789,0.9968167348794906,0.9968166714555282
SpokenArabicDigits,13,0.0182871036231517,13.647673787549138,18.60363049432636,4.622433014214039,0.9990904956798544,0.9990904933309158
SpokenArabicDigits,14,0.0181232765316963,13.47801043279469,18.59467905573547,4.557334244251251,0.9990904956798544,0.9990904933309158
SpokenArabicDigits,15,0.0182285234332084,13.56448145583272,18.930045530200005,4.590477062389255,0.9990904956798544,0.9990904909819772
SpokenArabicDigits,16,0.0183882936835289,13.639780292287467,18.73606937751174,4.628254685550928,0.998180991359709,0.9981799507799182
SpokenArabicDigits,17,0.0179406646639108,13.375408573076127,18.8467206209898,4.542386341840029,1.0,1.0
SpokenArabicDigits,18,0.0182121731340885,13.609351573511958,18.73272947780788,4.620492856949568,0.9986357435197816,0.998635724727982
SpokenArabicDigits,19,0.020058523863554,13.517431527376177,18.689767790958285,4.547733204439282,0.9990904956798544,0.9990904768880546
StandWalkJump,0,0.0322899892926216,1.0745064932852983,0.0162132661789655,1.170196732506156,0.4666666666666667,0.4366096866096866
StandWalkJump,1,0.0194015679880976,1.1631514420732856,0.020938130095601,1.1078872000798583,0.4666666666666667,0.4366096866096866
StandWalkJump,2,0.019567446783185,1.011440508067608,0.0145803671330213,1.078009661287069,0.4666666666666667,0.4366096866096866
StandWalkJump,3,0.0197682799771428,1.0216360092163086,0.0138890892267227,1.070154657587409,0.4666666666666667,0.4366096866096866
StandWalkJump,4,0.0203383965417742,1.0167995784431696,0.0074412208050489,1.1786566907539964,0.4666666666666667,0.4366096866096866
StandWalkJump,5,0.0157897882163524,1.059470634907484,0.0164870042353868,1.7117545828223228,0.4666666666666667,0.4366096866096866
StandWalkJump,6,0.0202471315860748,1.6776502393186092,0.0410345587879419,1.7750145215541124,0.4666666666666667,0.4366096866096866
StandWalkJump,7,0.0226883329451084,1.68623598664999,0.0366604086011648,1.7631178237497809,0.4666666666666667,0.4366096866096866
StandWalkJump,8,0.0169392395764589,1.7037394642829895,0.0191020388156175,1.753542171791196,0.4666666666666667,0.4366096866096866
StandWalkJump,9,0.0194947253912687,1.6985238548368216,0.022302184253931,1.7584334295243025,0.4666666666666667,0.4366096866096866
StandWalkJump,10,0.0156488474458456,1.1174780447036028,0.0189039576798677,1.7048830576241016,0.4666666666666667,0.4366096866096866
StandWalkJump,11,0.0223700739443302,1.6942392699420452,0.0376240145415067,1.836097588762641,0.4666666666666667,0.4366096866096866
StandWalkJump,12,0.0203614588826894,1.7054513040930033,0.028053967282176,1.7768620308488607,0.4666666666666667,0.4366096866096866
StandWalkJump,13,0.014549508690834,1.7150717750191689,0.0259699132293462,1.796324485912919,0.4666666666666667,0.4366096866096866
StandWalkJump,14,0.0226383581757545,1.6846496779471636,0.0207728128880262,1.7753413077443838,0.4666666666666667,0.4366096866096866
StandWalkJump,15,0.0206298716366291,1.7024558000266552,0.0202179905027151,1.8000553492456677,0.4666666666666667,0.4366096866096866
StandWalkJump,16,0.0204658973962068,1.7185521386563778,0.0262703038752079,1.7747308257967234,0.4666666666666667,0.4366096866096866
StandWalkJump,17,0.0245834942907094,1.679545771330595,0.0259525291621685,1.7618294768035412,0.4666666666666667,0.4366096866096866
StandWalkJump,18,0.0217897091060876,1.7080896366387606,0.0231416523456573,1.7905864920467138,0.4666666666666667,0.4366096866096866
StandWalkJump,19,0.0196169838309288,1.6866955794394016,0.0250133015215396,1.7671257443726065,0.4666666666666667,0.4366096866096866
UWaveGestureLibrary,0,0.0171048250049352,0.8317853407934308,0.1272951429709792,1.9575384678319097,0.940625,0.9403994940982427
UWaveGestureLibrary,1,0.0415380764752626,0.7696606433019042,0.1243602894246578,1.977949147112668,0.9375,0.9371165646348696
UWaveGestureLibrary,2,0.0390198184177279,0.7646497115492821,0.0877249706536531,1.971921293064952,0.93125,0.9306995809430452
UWaveGestureLibrary,3,0.0384207535535097,0.7694636350497603,0.1370131932199001,2.0145918298512697,0.940625,0.940382775936406
UWaveGestureLibrary,4,0.0577846094965934,0.7964073084294796,0.1541296634823084,1.977394796907901,0.934375,0.9341083111408316
UWaveGestureLibrary,5,0.0212916880846023,0.9239112362265588,0.0721358582377433,1.7985436208546162,0.93125,0.9308336950613374
UWaveGestureLibrary,6,0.0302081666886806,0.7874996028840542,0.0662385653704404,1.6395626906305552,0.946875,0.9465825588770678
UWaveGestureLibrary,7,0.0184941608458757,0.6469032298773527,0.1017592400312423,1.36645432934165,0.928125,0.927747275308251
UWaveGestureLibrary,8,0.0139633677899837,0.5597102381289005,0.0570440478622913,1.2694796063005924,0.940625,0.940377291305394
UWaveGestureLibrary,9,0.0139764789491891,0.5435047205537558,0.0909968372434377,1.3743842877447603,0.9375,0.937108032473448
UWaveGestureLibrary,10,0.0195317156612873,0.909563474357128,0.0831789635121822,1.770111259073019,0.9375,0.9372908715523076
UWaveGestureLibrary,11,0.0353513360023498,0.6602584924548864,0.0674878470599651,1.4154995027929544,0.934375,0.9339435645890736
UWaveGestureLibrary,12,0.0317847523838281,0.5737829022109509,0.0677787587046623,1.2970263008028269,0.9375,0.93708144809727
UWaveGestureLibrary,13,0.0140659622848033,0.5491318106651306,0.0531297139823436,1.2995780631899834,0.934375,0.9339881888167618
UWaveGestureLibrary,14,0.0221206881105899,0.5366634149104357,0.1043294444680213,1.290977856144309,0.940625,0.9404262124699876
UWaveGestureLibrary,15,0.0141532681882381,0.535061951726675,0.0548739936202764,1.2837431244552135,0.940625,0.9403994940982427
UWaveGestureLibrary,16,0.0226797554641962,0.5404335502535105,0.0526602063328027,1.2814436852931976,0.934375,0.934131618032256
UWaveGestureLibrary,17,0.0136606413871049,0.5425579231232405,0.0596059206873178,1.2631347123533487,0.93125,0.9309631764742136
UWaveGestureLibrary,18,0.017175979912281,0.5326736364513636,0.0530462600290775,1.2776330448687077,0.934375,0.9338082034889804
UWaveGestureLibrary,19,0.0137694682925939,0.5570851285010576,0.0527934841811656,1.3018039166927338,0.940625,0.9404262124699876
